name	category	source	library_name	is_assembly	is_enabled	version
fbIO_AnalogInput	analog_io	library	Open Library V19 PLC_V20	false	true	1
fbIO_AnalogOutput	analog_io	library	Open Library V19 PLC_V20	false	true	1
Conveyor No ZPA	Conveyor	custom		false	true	2
fbIO_DigitalInput	digital_io	library	Open Library V19 PLC_V20	false	true	1
fbIO_DigitalOutput	digital_io	library	Open Library V19 PLC_V20	false	true	1
fbSiwarexU	instrument	library	Open Library V19 PLC_V20	false	true	1
fbSiwarexWP321	instrument	library	Open Library V19 PLC_V20	false	true	1
fbSiwarexWP321_Calibration	instrument	library	Open Library V19 PLC_V20	false	true	1
fbSiwarexWP321Limited_SIMATIC	instrument	library	Open Library V19 PLC_V20	false	true	1
Siemens_SIWAREX_WP251	instrument	library	Open Library V19 PLC_V20	false	true	1
fbPulser	io	library	Open Library V19 PLC_V20	false	true	1
fbPWM	io	library	Open Library V19 PLC_V20	false	true	1
ControlMotor_DOL	Motor	custom		false	true	1
fbAirlock_Motor	Motor	library	Open Library V19 PLC_V20	false	true	1
fbMotor_Reversing	Motor	library	Open Library V19 PLC_V20	false	true	1
fbMotor_SoftStarter	Motor	library	Open Library V19 PLC_V20	false	true	1
fbMotor_SoftStarter_3RW44	Motor	library	Open Library V19 PLC_V20	false	true	1
fbMotorStarter_ET200	Motor	library	Open Library V19 PLC_V20	false	true	1
fbCalculateIntegration	process_control	library	Open Library V19 PLC_V20	false	true	1
fbFIFO	process_control	library	Open Library V19 PLC_V20	false	true	1
fbFlowTotalizer	process_control	library	Open Library V19 PLC_V20	false	true	1
fbHopperLevel	process_control	library	Open Library V19 PLC_V20	false	true	1
fbLevelMonitor	process_control	library	Open Library V19 PLC_V20	false	true	1
fbPID	process_control	library	Open Library V19 PLC_V20	false	true	1
fbPID_Compact	process_control	library	Open Library V19 PLC_V20	false	true	1
fbRateCalc	process_control	library	Open Library V19 PLC_V20	false	true	1
udtHMI_HopperControl_Status	process_control	library	Open Library V19 PLC_V20	false	true	1
Pushbutton	Pushbutton	custom		false	true	3
ControlEStop	Safety	custom		false	true	3
fbAlarmWarning	Safety	library	Open Library V19 PLC_V20	false	true	1
fbInterlock	Safety	library	Open Library V19 PLC_V20	false	true	1
fbPermissive	Safety	library	Open Library V19 PLC_V20	false	true	1
PE_Sensor	Sensor	custom		false	true	8
fbBrabender	Supplementary	library	Open Library V19 PLC_V20	false	true	1
fbErrorScroller	Supplementary	library	Open Library V19 PLC_V20	false	true	1
fbIntegrator	Supplementary	library	Open Library V19 PLC_V20	false	true	1
fbKahanSummation	Supplementary	library	Open Library V19 PLC_V20	false	true	1
fbMicroMotion_Modbus	Supplementary	library	Open Library V19 PLC_V20	false	true	1
fbMicroMotion_Profibus	Supplementary	library	Open Library V19 PLC_V20	false	true	1
fbModbusRTU	Supplementary	library	Open Library V19 PLC_V20	false	true	1
fbModbusTCP	Supplementary	library	Open Library V19 PLC_V20	false	true	1
fbModbusTCP_Wrapper	Supplementary	library	Open Library V19 PLC_V20	false	true	1
fbQueueHandshakes	Supplementary	library	Open Library V19 PLC_V20	false	true	1
fbRamp	Supplementary	library	Open Library V19 PLC_V20	false	true	1
fbRetentiveTimer	Supplementary	library	Open Library V19 PLC_V20	false	true	1
fbRunningAverage	Supplementary	library	Open Library V19 PLC_V20	false	true	1
fbRuntimeTimer	Supplementary	library	Open Library V19 PLC_V20	false	true	1
fbStacklight	Supplementary	library	Open Library V19 PLC_V20	false	true	1
fbSterlco	Supplementary	library	Open Library V19 PLC_V20	false	true	1
fbUSSCyclicInterruptComm	Supplementary	library	Open Library V19 PLC_V20	false	true	1
fcAnyBitInDB	Supplementary	library	Open Library V19 PLC_V20	false	true	1
fcBitShift_32Bit	Supplementary	library	Open Library V19 PLC_V20	false	true	1
fcBitsToByte	Supplementary	library	Open Library V19 PLC_V20	false	true	1
fcBitsToWord	Supplementary	library	Open Library V19 PLC_V20	false	true	1
fcByteToBits	Supplementary	library	Open Library V19 PLC_V20	false	true	1
fcCalculateTimeWindow	Supplementary	library	Open Library V19 PLC_V20	false	true	1
fcDateToString	Supplementary	library	Open Library V19 PLC_V20	false	true	1
fcFractionalApproximation	Supplementary	library	Open Library V19 PLC_V20	false	true	1
fcHMIBitEnable	Supplementary	library	Open Library V19 PLC_V20	false	true	1
fcLim	Supplementary	library	Open Library V19 PLC_V20	false	true	1
fcPrioritizedQueue	Supplementary	library	Open Library V19 PLC_V20	false	true	1
fcReadClockParts	Supplementary	library	Open Library V19 PLC_V20	false	true	1
fcReadIB	Supplementary	library	Open Library V19 PLC_V20	false	true	1
fcReadID	Supplementary	library	Open Library V19 PLC_V20	false	true	1
fcReadInput	Supplementary	library	Open Library V19 PLC_V20	false	true	1
fcReadIW	Supplementary	library	Open Library V19 PLC_V20	false	true	1
fcReal2Time_Sec	Supplementary	library	Open Library V19 PLC_V20	false	true	1
fcSanitizeString	Supplementary	library	Open Library V19 PLC_V20	false	true	1
fcStepChooser	Supplementary	library	Open Library V19 PLC_V20	false	true	1
fcSwapBytes	Supplementary	library	Open Library V19 PLC_V20	false	true	1
fcSwapWords	Supplementary	library	Open Library V19 PLC_V20	false	true	1
fcTemperatureConvert	Supplementary	library	Open Library V19 PLC_V20	false	true	1
fcTime2Real_Min	Supplementary	library	Open Library V19 PLC_V20	false	true	1
fcTimeSplit	Supplementary	library	Open Library V19 PLC_V20	false	true	1
fcTolerance	Supplementary	library	Open Library V19 PLC_V20	false	true	1
fcWordToBits	Supplementary	library	Open Library V19 PLC_V20	false	true	1
fcWriteOutput	Supplementary	library	Open Library V19 PLC_V20	false	true	1
fcWriteQB	Supplementary	library	Open Library V19 PLC_V20	false	true	1
fcWriteQD	Supplementary	library	Open Library V19 PLC_V20	false	true	1
fcWriteQW	Supplementary	library	Open Library V19 PLC_V20	false	true	1
udtAnyPointer	Supplementary	library	Open Library V19 PLC_V20	false	true	1
udtContC	Supplementary	library	Open Library V19 PLC_V20	false	true	1
udtQueueItem	Supplementary	library	Open Library V19 PLC_V20	false	true	1
Automatic_systems_AS1320	system	library	Open Library V19 PLC_V20	false	true	1
fbStepSequencer	system	library	Open Library V19 PLC_V20	false	true	1
udtHMI_SystemControl	system	library	Open Library V19 PLC_V20	false	true	1
udtHMI_SystemRunControl	system	library	Open Library V19 PLC_V20	false	true	1
Auma_valve	Valve	library	Open Library V19 PLC_V20	false	true	1
fbValve_Analog	Valve	library	Open Library V19 PLC_V20	false	true	1
fbValve_Hydraulic	Valve	library	Open Library V19 PLC_V20	false	true	1
fbValve_Solenoid	Valve	library	Open Library V19 PLC_V20	false	true	1
Abb_ach_400_ac_drives	vfd	library	Open Library V19 PLC_V20	false	true	1
Danfoss_AquaDrive	vfd	library	Open Library V19 PLC_V20	false	true	1
Danfoss_VLT	vfd	library	Open Library V19 PLC_V20	false	true	1
fbAirlock_VFD_GSeries	vfd	library	Open Library V19 PLC_V20	false	true	1
fbAsyncParameterRW_VFD	vfd	library	Open Library V19 PLC_V20	false	true	1
fbMotor_Simocode	vfd	library	Open Library V19 PLC_V20	false	true	1
fbServo_Unidrive	vfd	library	Open Library V19 PLC_V20	false	true	1
fbVFD_Analog	vfd	library	Open Library V19 PLC_V20	false	true	1
fbVFD_Danfoss	vfd	library	Open Library V19 PLC_V20	false	true	1
fbVFD_GSeries	vfd	library	Open Library V19 PLC_V20	false	true	1
fbVFD_GSeriesAdvanced	vfd	library	Open Library V19 PLC_V20	false	true	1
fbVFD_V20	vfd	library	Open Library V19 PLC_V20	false	true	1
Honeywell_variable_frequency_drives	vfd	library	Open Library V19 PLC_V20	false	true	1
Yaskawa_e7_drive	vfd	library	Open Library V19 PLC_V20	false	true	1